"Designator","Footprint","Mid X","Mid Y","Ref X","Ref Y","Pad X","Pad Y","Layer","Rotation","Comment"
""
"R103","RES_0402","115mil","125mil","115mil","125mil","96.299mil","125mil","T","360.00","Res 0402 0R Jumper0"
"J101","USB_Micro_RA_W-TABS","86.187mil","272.103mil","86.19mil","321.65mil","107.091mil","201.904mil","T","165.00","USB_Micro_B_W-Tabs"
"U100","QFN0.65P4x4-16Pin_W-Pad","-101mil","-9mil","-101mil","-9mil","-29.15mil","-47.386mil","T","180.00","FT230XQ"
"R101","RES_0603_HD","-45mil","153mil","-45mil","153mil","-15.472mil","153mil","T","180.00","Res 0603 27R 5%27"
"R100","RES_0603_HD","-85mil","105mil","-85mil","105mil","-55.472mil","105mil","T","180.00","Res 0603 27R 5%27"
"D102","CAP_0402_HD","-265mil","41mil","-265mil","41mil","-265mil","59.11mil","T","270.00","SESD0402P1BN-0450-0906V"
"D101","CAP_0402_HD","-265mil","-34mil","-265mil","-34mil","-265mil","-15.89mil","T","270.00","SESD0402P1BN-0450-0906V"
"D100","CAP_0402_HD","-260mil","-92mil","-260mil","-92mil","-278.11mil","-92mil","T","360.00","SESD0402P1BN-0450-0906V"
"C102","Cap_0402_HD","95mil","85mil","95mil","85mil","113.11mil","85mil","T","180.00","Cap 0402 1.0uF 10V1.0uF"
"C101","Cap_0402_HD","-190mil","102mil","-190mil","102mil","-171.89mil","102mil","T","180.00","Cap 0402 0.1uF 10V0.1uF"
"C100","Cap_0402_HD","-211mil","-13mil","-211mil","-13mil","-211mil","5.11mil","T","270.00","Cap 0402 4.7uF 10V4.7uF"
"J100","HDR.050P-4Pin-SMT-R","-349.33mil","0mil","-349.33mil","0mil","-349.33mil","-75mil","T","90.00","854-22-004-30-001101"

